Transaction Hash,Status,Method,Blockno,DateTime (UTC),From,From_Nametag,To,To_Nametag,Amount,Value (USD),Txn Fee
"0xa1dd3a78076e863065df9617ff90b3bf9a06da2145648602ddd07d721586441c","Error in Main Txn : execution reverted","Transfer*","22948579","2025-07-18 20:48:23","0xbe7e372eb7d95037c8f657ca62a1991b3f1e869d","","0x03b1bb3cc74aa22822d401075d497d12c5a397d4","","0 ETH","$0.00","0.00122953"
"0x5fdcbbdb85198300f79e9aa62860e360caaf27b0e52f0a91ba9fe54d374a431c","Success","Transfer*","22948579","2025-07-18 20:48:23","0xdd6838240d289a9a9a5e4165ece468d79cc517b6","","0x03b1bb3cc74aa22822d401075d497d12c5a397d4","","0 ETH","$0.00","0.001284"
"0x974edeae3b206b1fd536698752f13927c96c9c188b3a7f6d4c7bee4dac6b3e87","Error in Main Txn : execution reverted","Transfer*","22948578","2025-07-18 20:48:11","0xbe7e372eb7d95037c8f657ca62a1991b3f1e869d","","0x03b1bb3cc74aa22822d401075d497d12c5a397d4","","0 ETH","$0.00","0.00096789"
"0x216baede0085b23e1ab955c665e260890d70537c4d02f5f48dfc175fe17fb653","Success","Transfer*","22948575","2025-07-18 20:47:35","0x4791eb2224d272655e8d5da171bb07dd5a805ff6","","0x03b1bb3cc74aa22822d401075d497d12c5a397d4","","0 ETH","$0.00","0.00050707"
"0x64e9b79a4fb6e0e80353678464f0cbaf29650c3c8925694c8dcc9964ae48d32b","Error in Main Txn : execution reverted","Transfer*","22948574","2025-07-18 20:47:23","0x67c147c8fd464ba51015f5e58123a63f2b0112d2","","0x03b1bb3cc74aa22822d401075d497d12c5a397d4","","0 ETH","$0.00","0.00033728"
"0x5170e5e2f2649fd035354950eb89fe6e7617a26709ba6732c17f0da9a6b7e18a","Success","Transfer*","22948574","2025-07-18 20:47:23","0x4791eb2224d272655e8d5da171bb07dd5a805ff6","","0x03b1bb3cc74aa22822d401075d497d12c5a397d4","","0 ETH","$0.00","0.00057516"
"0x4eb73b4dbdbf79a6c9b56f85f702c78bc2783d3b5a5889c8c86af797e7636147","Success","Transfer*","22659081","2025-06-08 09:49:35","0x4791eb2224d272655e8d5da171bb07dd5a805ff6","","0x03b1bb3cc74aa22822d401075d497d12c5a397d4","","0 ETH","$0.00","0.00005588"
"0x6a079b694c5ec7d788a23427e28ed29d427238b45e7374cdc6b02289b3295ab1","Error in Main Txn : out of gas","Transfer","22659080","2025-06-08 09:49:23","0x3fd4d39d3aa2b221d54f05c0d123c1d77bb045bf","","0x03b1bb3cc74aa22822d401075d497d12c5a397d4","","0.000925968 ETH","$1.92","0.00006539"
"0xfd69fd0190a8849d37163b0ca5fc6f491064fa40d20cb41393f7dfc29d950de4","Error in Main Txn : out of gas","Transfer","22659080","2025-06-08 09:49:23","0x7e0287af696289cf40e533a46f6d1f52ca032346","","0x03b1bb3cc74aa22822d401075d497d12c5a397d4","","0.000925968 ETH","$1.92","0.00006539"
"0x00f0112fcaeba07687bebb908a7d16ae8b0a733914489817509e1f2f475e0de5","Success","Transfer*","22659080","2025-06-08 09:49:23","0x4791eb2224d272655e8d5da171bb07dd5a805ff6","","0x03b1bb3cc74aa22822d401075d497d12c5a397d4","","0 ETH","$0.00","0.00003765"
"0x6a75c15c7da25dc0e0626295598bf0110351f9a6ba5658088d0bc7e652da35a4","Success","Transfer*","22659080","2025-06-08 09:49:23","0xb9d00655cae73b4d0905d199150c82d3b124da7c","","0x03b1bb3cc74aa22822d401075d497d12c5a397d4","","0 ETH","$0.00","0.00008021"
"0x6358998caeb776d35939dabfb3b23bef35009ddc84044cfcdac57a53827b68fe","Success","Transfer*","22659079","2025-06-08 09:49:11","0x4791eb2224d272655e8d5da171bb07dd5a805ff6","","0x03b1bb3cc74aa22822d401075d497d12c5a397d4","","0 ETH","$0.00","0.00005548"
"0x0d53f77bcde11d6d5ecf449b798e3aa3fcd5ac2f305fde01e37bf80e22e4acb9","Success","Transfer","22626345","2025-06-03 19:54:47","0xbb7218d77f06a89c15e9188b1f1b427ae8f0290c","","0x03b1bb3cc74aa22822d401075d497d12c5a397d4","","0 ETH","$0.00","0.00011755"
"0xfe2fe400b240a21c1713a1dbc5c19ec0c4cbef1dfb057878cbb2ab18a991ddbd","Success","Transfer","22516306","2025-05-19 10:05:23","0x9e17d73b559788b7a59bfbeb8bfc99817636c782","","0x03b1bb3cc74aa22822d401075d497d12c5a397d4","","0.000004168 ETH","$0.01","0.00001434"
"0x1f9ddeb93b8b4b1149d56131949513f20601e392d316d9a08f4e06c581aeb77f","Success","Transfer","22156587","2025-03-30 01:57:35","0x03b1bb3cc74aa22822d401075d497d12c5a397d4","","0x6220e08c9d63ab7ba2e566839f429eeefe199b7e","","0.000222953 ETH","$0.46","0.00005573"
"0x879202691dadacd6a9087dfcbf69fa7882ce8016829455d01b69bc30b48fce92","Success","Transfer","22156587","2025-03-30 01:57:35","0x03b1bb3cc74aa22822d401075d497d12c5a397d4","","0x6220e08c9d63ab7ba2e566839f429eeefe199b7e","","0.000222953 ETH","$0.46","0.00005573"
"0x728ebcfb55274540b38ea6668998c00eb94db3bfc9d47b42dae83a0176049165","Success","Transfer","22156587","2025-03-30 01:57:35","0xc66138430fd773632a28442f0c185a2595eefaaf","","0x03b1bb3cc74aa22822d401075d497d12c5a397d4","","0.000557384 ETH","$1.16","0.00001175"
"0x1a2fef9d8474208dc0f5e8daf38b306981f44640f157d7620417a8980b338cc7","Success","Transfer","22104897","2025-03-22 20:46:11","0x03b1bb3cc74aa22822d401075d497d12c5a397d4","","0x5b89e53fb361552820732d7cb6ede36857226acf","","0.000086 ETH","$0.18","0.00491399"
"0x12c7183979dc9393d74e2cc6dfeae6a33cf1034697935acfc6731e1d7f4abe75","Success","Transfer","22104896","2025-03-22 20:45:59","0x882b69fa209b6c80742d1586721be376926e0b46","","0x03b1bb3cc74aa22822d401075d497d12c5a397d4","","0.005 ETH","$10.39","0.00002947"
"0x8c89d4ba6a9d846ceefd41276930625ea318c8f245f41ff03a1bde22c10c799a","Success","Transfer","22066405","2025-03-17 11:46:23","0x03b1bb3cc74aa22822d401075d497d12c5a397d4","","0xa992180c4665f0a6f0d3b54c232982d43beefcad","","0.00005259 ETH","$0.11","0.0000439"
"0xc7ce58a43527e9d9e6199d3cec6070d5069d93744d11cd5ef31ab05d05734d82","Success","Transfer","22066405","2025-03-17 11:46:23","0x49c1ea579113bb24d4757cb7c1f8a6d78aa23679","","0x03b1bb3cc74aa22822d401075d497d12c5a397d4","","0.000096495 ETH","$0.20","0.00001114"
"0x870e4ae22eed42744b8579d844ddc9a758b70850524cf06b7f099c9c9a06d78d","Success","Transfer","22066402","2025-03-17 11:45:47","0x03b1bb3cc74aa22822d401075d497d12c5a397d4","","0x2dcc0fa890d60923dc41d964205e673b2fe3afcd","Fake_Phishing2383458","0.000011012 ETH","$0.02","0.00011134"
"0x16d4450f4677e262b9c8da15c2c0bcd6a5545df347b061bd2465b0b5cc09b9d8","Success","Transfer","22066401","2025-03-17 11:45:35","0x3185c5877528166686b09362f63f966b3371c7f7","","0x03b1bb3cc74aa22822d401075d497d12c5a397d4","","0.00012236 ETH","$0.25","0.00001069"
"0xf194909db72c2b0fa87cf919ce21bfd2671aea5d9949dbbd4f2145caf7020490","Success","Transfer","22062561","2025-03-16 22:55:11","0x03b1bb3cc74aa22822d401075d497d12c5a397d4","","0x626b3a959a3c6552ed13a967fd747172ac57df24","","0.000031196 ETH","$0.06","0.00038244"
"0xc00aaaaf5077d7668c8a4df00fdcbcbd87a21ff293680cf26cee11c440c8ff76","Success","Transfer","22062560","2025-03-16 22:54:59","0x03b1bb3cc74aa22822d401075d497d12c5a397d4","","0x726dab825c9d75302fab71e5b59e4e304adfb438","","0.000374885 ETH","$0.78","0.00013116"
"0xa78105a5b342eb85b11ff661d229018237335bd21a10b3ede784c4f71a33f7f0","Success","Transfer","22062560","2025-03-16 22:54:59","0xfd49e1729ba103fa23cfede10c86b510ad437045","","0x03b1bb3cc74aa22822d401075d497d12c5a397d4","","0.000914354 ETH","$1.90","0.00001335"
"0x02d5ecd81a6519c31128f0a56b2e2bcdd38269dad1359319171d1272feab14ba","Success","Transfer","22041774","2025-03-14 01:16:11","0xe15bc5980d92060fce0b6400395208239bcd9b27","","0x03b1bb3cc74aa22822d401075d497d12c5a397d4","","0.000005342 ETH","$0.01","0.00005246"
"0x8df0bb7db346d0fec88202269c5d1f845d68b3ac09a3265b158cdfa8df8323d5","Success","Transfer","22034654","2025-03-13 01:25:59","0x03b1bb3cc74aa22822d401075d497d12c5a397d4","","0xa992180c4665f0a6f0d3b54c232982d43beefcad","","0.000466274 ETH","$0.97","0.00005938"
"0x25724897d871383c1da12e261d0913cc8f2752eabdbe24a98c02bcce978d7c66","Success","Transfer","22034654","2025-03-13 01:25:59","0x4548e953baec6d2b5082fa78c6f38af6694419e5","","0x03b1bb3cc74aa22822d401075d497d12c5a397d4","","0.000525659 ETH","$1.09","0.00005343"
"0x5121e3d32c9454791975eea69bf3f5dce2b9aa02db12099b629e845c5fae1cd7","Success","Transfer","22024563","2025-03-11 15:36:35","0x03b1bb3cc74aa22822d401075d497d12c5a397d4","","0x2dcc0fa890d60923dc41d964205e673b2fe3afcd","Fake_Phishing2383458","0.000054 ETH","$0.11","0.000546"
"0x45e63ca3416c143bcd6febece87042d134fddd3865bbc8d43b0d7a20f5b64f1f","Success","Transfer","22024562","2025-03-11 15:36:23","0x968593ae17fb02fd25504e1f3df6df9d52b88e6d","","0x03b1bb3cc74aa22822d401075d497d12c5a397d4","","0.0006 ETH","$1.25","0.00007603"
"0x1f1a34e3d3c44ff1085af2dca1530628e9f6c2f07f40c187bae36d3a689721a4","Success","Transfer","22019945","2025-03-11 00:07:35","0x03b1bb3cc74aa22822d401075d497d12c5a397d4","","0x2dcc0fa890d60923dc41d964205e673b2fe3afcd","Fake_Phishing2383458","0.000010687 ETH","$0.02","0.00010805"
"0x286e6e43e56c10e2fa234a1d19127ce76f7a8c4dbef2b9c624f8106dc872b342","Success","Transfer","22019944","2025-03-11 00:07:23","0x03b1bb3cc74aa22822d401075d497d12c5a397d4","","0xa0b86991c6218b36c1d19d4a2e9eb0ce3606eb48","Circle: USDC Token","0 ETH","$0.00","0.00089236"
"0xe3693943edc8217e7a05abe06311cebd2031c819e31d172ae66f46f75bfb36ba","Success","Transfer","22019944","2025-03-11 00:07:23","0x1ee807f88279ec483bcf339dc7da382596c4e725","","0x03b1bb3cc74aa22822d401075d497d12c5a397d4","","0.001011111 ETH","$2.10","0.00007955"
"0x6a02afd96ed02e3d88fbbf789ff409b6574e87885bce07dd8833cca11499b2b1","Success","Transfer","22005663","2025-03-09 00:14:35","0x03b1bb3cc74aa22822d401075d497d12c5a397d4","","0xf0000ab0bb254e42aea1af817156424248a0c179","","0.000852 ETH","$1.77","0.02754798"
"0xad0fc08c1f5cca82f84e94144f14be38c5862f62dadbb51191e61ecd56605e5d","Success","Transfer","22005662","2025-03-09 00:14:23","0x4c080c3c1fa75585fd067a1cc9146c5e08d98b2a","","0x03b1bb3cc74aa22822d401075d497d12c5a397d4","","0.028399981 ETH","$59.02","0.00002331"
"0xe3c653ffe01cc64352ddd253a16f6ce42a1e39d4d2b702c07a8001abb42f7ec8","Success","Transfer","21994120","2025-03-07 09:30:59","0x03b1bb3cc74aa22822d401075d497d12c5a397d4","","0x5b89e53fb361552820732d7cb6ede36857226acf","","0.000010717 ETH","$0.02","0.00001578"
"0x7491c9360c4f65f7632599199feb8abc74c7458907f37ae4fdfb5e526d5e1ff2","Success","Transfer","21994119","2025-03-07 09:30:47","0x03b1bb3cc74aa22822d401075d497d12c5a397d4","","0x50327c6c5a14dcade707abad2e27eb517df87ab5","TRON: TRX Token","0 ETH","$0.00","0.00005398"
"0x703be02c1f0482c3e8769bdcf6e208665275ae69dcd7e754f73d10605d8f09d6","Success","Transfer","21994119","2025-03-07 09:30:47","0x545a5c7221524b92ffddd2a6cbd86fe47ca15a17","","0x03b1bb3cc74aa22822d401075d497d12c5a397d4","","0.000080488 ETH","$0.17","0.00003988"
"0x7d42d693c49cd056d59bfc5e6883f72b79e7a0656046fd0781505117545d9e2a","Success","Transfer","21983936","2025-03-05 23:21:35","0x03b1bb3cc74aa22822d401075d497d12c5a397d4","","0xff2cfbe87076845c8b9a81091d6d2e68b13bc6f7","","0.000000279 ETH","$0.00","0.00006759"
"0x7dc0cde8b9af823f6ce3728083c94eeed998781e247f5f23ce3b10150c5ec9c8","Success","Transfer","21983935","2025-03-05 23:21:23","0x03b1bb3cc74aa22822d401075d497d12c5a397d4","","0x5b89e53fb361552820732d7cb6ede36857226acf","","0.00025498 ETH","$0.53","0.00478018"
"0x5fe089759f548fd73b142483b35ad08ad33b7e2a1aeb0792a6c9e61779bf3745","Success","Transfer","21983735","2025-03-05 22:41:23","0x03b1bb3cc74aa22822d401075d497d12c5a397d4","","0xf0000ab0bb254e42aea1af817156424248a0c179","","0.000152256 ETH","$0.32","0.00492291"
"0xa21d83df651d0d417670498f9f9d29d3b7f1eb06846fcc3b863967ec2bba0dbc","Success","Transfer","21983735","2025-03-05 22:41:23","0xb858924b64b3e794ab894512f68498ec8e0c8342","","0x03b1bb3cc74aa22822d401075d497d12c5a397d4","","0.005075172 ETH","$10.55","0.00001594"
"0xe6ee1a8ad62f22a6fbac4812303f8c2e9505fda429da9ea00a3a053f63fdba3c","Success","Transfer","21979371","2025-03-05 08:04:11","0x03b1bb3cc74aa22822d401075d497d12c5a397d4","","0x1bdf640edcf31da0584cb12865b0c6ca04644dc6","","0.000259875 ETH","$0.54","0.00007012"
"0x33698c6d2c659336ffeb395f811e435235599e6516e6384adfff9c620e92d910","Success","Transfer","21979371","2025-03-05 08:04:11","0x8db6929d614d8a85ec135afbaeb99434ca6d2fbe","","0x03b1bb3cc74aa22822d401075d497d12c5a397d4","","0.00033 ETH","$0.69","0.00001521"
"0x8c413efb91715d63b70bf5a8e5771d520a776f81cef2663e3c86fc4ae8fc6e4a","Success","Transfer","21947649","2025-02-28 21:51:23","0x03b1bb3cc74aa22822d401075d497d12c5a397d4","","0x2dcc0fa890d60923dc41d964205e673b2fe3afcd","Fake_Phishing2383458","0.000028052 ETH","$0.06","0.00028364"
"0xd27223a214a481446085db0190b81a2dccfff61b43eea1c11238acae3b5c0499","Success","Transfer","21947648","2025-02-28 21:51:11","0x03b1bb3cc74aa22822d401075d497d12c5a397d4","","0xa0b86991c6218b36c1d19d4a2e9eb0ce3606eb48","Circle: USDC Token","0 ETH","$0.00","0.00142657"
"0x79b2c61b26243a3b5e7ebc107cf7e67822318bfb2de52a76f0edec64c009ee0c","Success","Transfer","21947648","2025-02-28 21:51:11","0xc5b9a29b9d3e60cc527bfd7ecc5e0985cee26d2f","Fake_Phishing2383466","0x03b1bb3cc74aa22822d401075d497d12c5a397d4","","0.00173827 ETH","$3.61","0.00001345"
"0xcc329eb9d74889a2215b2468378525f92fec4308f96a9c9c18c10fb804cd3d0d","Success","Transfer","21936454","2025-02-27 08:24:11","0x03b1bb3cc74aa22822d401075d497d12c5a397d4","","0x0c5b4485d96a15e691f77b8b1d7eaee70f388f19","","0.00005203 ETH","$0.11","0.00040902"
"0xfd888fc83d48c09c41502e07c6c1b4f423e58d708b1be6656c66c296311616bc","Success","Transfer","21936453","2025-02-27 08:23:59","0x9dad936871ebc7ea7b8ba9eaefb92aa614235ce5","","0x03b1bb3cc74aa22822d401075d497d12c5a397d4","","0.000458355 ETH","$0.95","0.00003783"
"0xfa281bd21d748b702d7b6501966c87b88514338bb80e9cda09ebf1a31e9a185a","Success","Transfer","21918101","2025-02-24 18:54:47","0x03b1bb3cc74aa22822d401075d497d12c5a397d4","","0xc5b9a29b9d3e60cc527bfd7ecc5e0985cee26d2f","Fake_Phishing2383466","0.0002 ETH","$0.42","0.00479999"
"0x2bfdc59878a1bd958c8c7d10990e7578243b1717e265b412d7e4d8e036a1c0ba","Success","Transfer","21918101","2025-02-24 18:54:47","0x8c85f706050209d8b44198757fcbc2eca0be8d5d","","0x03b1bb3cc74aa22822d401075d497d12c5a397d4","","0.005 ETH","$10.39","0.00005795"
"0xd5b2bdd45fddf7537417fe977aca0ec7b70bdbc6f02cd26c198f1de76baa6d28","Success","Transfer","21918080","2025-02-24 18:50:35","0x03b1bb3cc74aa22822d401075d497d12c5a397d4","","0x50327c6c5a14dcade707abad2e27eb517df87ab5","TRON: TRX Token","0 ETH","$0.00","0.00026963"
"0xf483c8cd30abb54ce5d485ecf89578ffd22a81106a83d603636e2d8c6963b85a","Success","Transfer","21918079","2025-02-24 18:50:23","0x03b1bb3cc74aa22822d401075d497d12c5a397d4","","0x50327c6c5a14dcade707abad2e27eb517df87ab5","TRON: TRX Token","0 ETH","$0.00","0.00154482"
"0x4f084224d18f7ac44bd569540b7888934d6845a7b28af95e86158500d2c6a69a","Success","Transfer","21918079","2025-02-24 18:50:23","0x1ee807f88279ec483bcf339dc7da382596c4e725","","0x03b1bb3cc74aa22822d401075d497d12c5a397d4","","0.001817169 ETH","$3.78","0.00005148"
"0x5350e1958dd28f0f2dc24fb3c5b433454c63be5f0be970334ae1fd2a2b801d65","Success","Transfer","21821561","2025-02-11 06:42:35","0x03b1bb3cc74aa22822d401075d497d12c5a397d4","","0x6220e08c9d63ab7ba2e566839f429eeefe199b7e","","0.000010115 ETH","$0.02","0.00022347"
"0x09e04be9523f1c9096d0a9f971dd4340936e1fa6556fe113b2a931c27b3d88a2","Success","Transfer","21821560","2025-02-11 06:42:23","0xc7d09414aef80d411e3580e3c684d3d6805b96c3","","0x03b1bb3cc74aa22822d401075d497d12c5a397d4","","0.000228279 ETH","$0.47","0.00013125"
"0xe4a22c16442d78ff9feee07c5984a078c65a026a447ec49b04cf9209aa56c729","Success","Transfer","21785960","2025-02-06 07:26:47","0x03b1bb3cc74aa22822d401075d497d12c5a397d4","","0x95ad61b0a150d79219dcf64e1e6cc01f0b64c4ce","Shiba Inu: SHIB Token","0 ETH","$0.00","0.00003318"
"0x021eb902c57b94048b7a9cc88609c0418ee06d3889d82cc22bdb774972522a44","Success","Transfer","21785960","2025-02-06 07:26:47","0x000ab40b72b34b1a8ac08a114e455cbab2685ade","","0x03b1bb3cc74aa22822d401075d497d12c5a397d4","","0.000038493 ETH","$0.08","0.00002323"
"0x0b9f4e8d90d830138f866a415c100d84e1cd6cd3c15e5d672d4fc7cb5992d991","Success","Transfer","21776227","2025-02-04 22:50:23","0x03b1bb3cc74aa22822d401075d497d12c5a397d4","","0x27a94d8d74ffba6ed7074a2c5d250b89df902e04","","0.000027839 ETH","$0.06","0.00358873"
"0x0c0e286470bd83df1f9068da0744d7a4663258366b44e77a6bbdc4ae9a9493ef","Success","Transfer","21771963","2025-02-04 08:32:11","0x03b1bb3cc74aa22822d401075d497d12c5a397d4","","0x6220e08c9d63ab7ba2e566839f429eeefe199b7e","","0.000047019 ETH","$0.10","0.00005222"
"0xd1de0d5ee01efbf1b87efa0a53bb60c0f97f5b60addca9c61114b78497d789f1","Success","Transfer","21771963","2025-02-04 08:32:11","0xa7b5ce53d71d2215d679642307adfa3f39de5448","","0x03b1bb3cc74aa22822d401075d497d12c5a397d4","","0.000099241 ETH","$0.21","0.00004646"
"0xe996aa2244153e182400391ecce8e2e21a7d5c4405543fc78fb5c9a22a78d71a","Success","Transfer","21771945","2025-02-04 08:28:35","0x03b1bb3cc74aa22822d401075d497d12c5a397d4","","0x6220e08c9d63ab7ba2e566839f429eeefe199b7e","","0.000052393 ETH","$0.11","0.00005293"
"0xedc416c6084783c90c5866e633340d64f34cc3acf6f9c1fb71bf5537ff061c6c","Success","Transfer","21771945","2025-02-04 08:28:35","0xa7b5ce53d71d2215d679642307adfa3f39de5448","","0x03b1bb3cc74aa22822d401075d497d12c5a397d4","","0.00010533 ETH","$0.22","0.00004709"
"0x2559e058cf429e7d1cc6ac81a8b24eca396b1eb3819172f66e48bc30b52f86c8","Success","Transfer","21771939","2025-02-04 08:27:23","0x03b1bb3cc74aa22822d401075d497d12c5a397d4","","0x5b89e53fb361552820732d7cb6ede36857226acf","","0.00000341 ETH","$0.01","0.0034673"
"0xf913dbce2c6b90b8267afe9cc98bcfc12c9fa026cfab52c61141284afd9294ee","Success","Transfer","21765613","2025-02-03 11:14:47","0x03b1bb3cc74aa22822d401075d497d12c5a397d4","","0x2dcc0fa890d60923dc41d964205e673b2fe3afcd","Fake_Phishing2383458","0.000644824 ETH","$1.34","0.00651989"
"0x66fd91adbc1d3b1a557d9d6c407a6446b27a8570e9f3f96a2966377f1d8b8f79","Success","Transfer","21765612","2025-02-03 11:14:35","0x340475f53373c515cfbe4cb08cf0473ac66f1a83","","0x03b1bb3cc74aa22822d401075d497d12c5a397d4","","0.007164718 ETH","$14.89","0.00011352"
"0x2f06f69e1b64f033a1677e131273d5f9b8df20cd44df185c9e6f3d800bc5736f","Success","Transfer","21710911","2025-01-26 19:55:23","0x03b1bb3cc74aa22822d401075d497d12c5a397d4","","0x2dcc0fa890d60923dc41d964205e673b2fe3afcd","Fake_Phishing2383458","0.000081034 ETH","$0.17","0.00081934"
"0xd9c70b4f10cf82eccc1e43cb8f8ab879972c3db74287363d4b62cc115c9a2f90","Success","Transfer","21710910","2025-01-26 19:55:11","0x71f83985e0ffd8dbf9abbdc79142dd9555564d41","","0x03b1bb3cc74aa22822d401075d497d12c5a397d4","","0.000900381 ETH","$1.87","0.000147"
"0x67dbb63dae30e83bf7f7bd4dac9ec9d10951546a2d78e3d2b5e05a33f9ab31bd","Success","Transfer","21709210","2025-01-26 14:13:11","0x03b1bb3cc74aa22822d401075d497d12c5a397d4","","0x2dcc0fa890d60923dc41d964205e673b2fe3afcd","Fake_Phishing2383458","0.00002953 ETH","$0.06","0.00029858"
"0x9b1d2bd3b7055f719d87cd5626d34f57eeef7c71458ea4b395993bdeaac01e54","Success","Transfer","21709209","2025-01-26 14:12:59","0x03b1bb3cc74aa22822d401075d497d12c5a397d4","","0x2d0c26a0b55d07d02a3d4afe0d9179598f8a7abf","","0.000697 ETH","$1.45","0.00067805"
"0x9a0439a0daa3a0fe48bce1478c59585d48da55b6ac7623b12eb6111e48047447","Success","Transfer","21709209","2025-01-26 14:12:59","0x9696f59e4d72e237be84ffd425dcad154bf96976","Binance 18","0x03b1bb3cc74aa22822d401075d497d12c5a397d4","","0.0017 ETH","$3.53","0.00013705"
"0xa63f9a46f6de5b6c078a3cec28c978983e9cd047d927907d21586f7343840fab","Success","Transfer","21708943","2025-01-26 13:19:35","0x03b1bb3cc74aa22822d401075d497d12c5a397d4","","0x6c8e24a1947fd3167b7f38185ffd68f54d0cf013","","0.001358251 ETH","$2.82","0.00045275"
"0x5d67fb85131afc722b62d035cf94be445cf77e76f2c7919eb088bad10fcaf546","Success","Transfer","21708943","2025-01-26 13:19:35","0x4976a4a02f38326660d17bf34b431dc6e2eb2327","Binance 20","0x03b1bb3cc74aa22822d401075d497d12c5a397d4","","0.00181101 ETH","$3.76","0.00012858"
"0xc65d98adf68a67e14db833bf08ba105dda283471b8d37d11d8784c2a59976a09","Success","Transfer","21679095","2025-01-22 09:21:11","0x03b1bb3cc74aa22822d401075d497d12c5a397d4","","0x6c8e24a1947fd3167b7f38185ffd68f54d0cf013","","0.003176451 ETH","$6.60","0.00105567"
"0xa367e54f0f4a84a0878fcfd9b2805628da1175838caeebebcd78a2ef36720535","Success","Transfer","21679095","2025-01-22 09:21:11","0x22197ff96eb736afa4eaec8b3042acf6c595ec24","","0x03b1bb3cc74aa22822d401075d497d12c5a397d4","","0.004235284 ETH","$8.80","0.00018166"
"0x882aff61f4db06242c58be6b8185ba7400a83fd2d5bf1539ec513f2f5bd3ee82","Success","Transfer","21667988","2025-01-20 20:07:23","0x03b1bb3cc74aa22822d401075d497d12c5a397d4","","0xff2cfbe87076845c8b9a81091d6d2e68b13bc6f7","","0.00000872 ETH","$0.02","0.00063541"
"0xe906452ba016b1b28e5e289d7046185db93c829b15a0a89a8ef0340c08e12a6a","Success","Transfer","21667987","2025-01-20 20:07:11","0x67f099673403bd36bb7f2ececaeb0940cafced26","","0x03b1bb3cc74aa22822d401075d497d12c5a397d4","","0.000644139 ETH","$1.34","0.00063546"
"0xdcbf1e4747253139ad2f246d8ccec4255a081c51762433c2be1c1f1810a11fd8","Success","Transfer","21645549","2025-01-17 16:57:23","0x03b1bb3cc74aa22822d401075d497d12c5a397d4","","0x6220e08c9d63ab7ba2e566839f429eeefe199b7e","","0.000059674 ETH","$0.12","0.00047106"
"0x5c82760e4a93091d8acee5d1701431bfeee27408516b5279ffd263506c2ac929","Success","Transfer","21645549","2025-01-17 16:57:23","0x03b1bb3cc74aa22822d401075d497d12c5a397d4","","0x6220e08c9d63ab7ba2e566839f429eeefe199b7e","","0.000059674 ETH","$0.12","0.00047106"
"0x1ec54be4d99fe009e2333de43d82abf1d71c1149485714ec3ac94c100c71a49c","Success","Transfer","21645549","2025-01-17 16:57:23","0xd0800d47f04841f28013eb25880df4a7de32fd88","","0x03b1bb3cc74aa22822d401075d497d12c5a397d4","","0.001061469 ETH","$2.21","0.00034009"
"0xe3fdc03692c3651bbb95c863c3b34690dfa599f65880b33f44dcb131a1e740bb","Success","Transfer","21645530","2025-01-17 16:53:35","0x03b1bb3cc74aa22822d401075d497d12c5a397d4","","0xc98963115fd7062a408974d801ca7f2963787687","","0.000688555 ETH","$1.43","0.00179066"
"0x30c7bfc88f46a8840568811b978e3888ba2867e8c2a7623b6d72149760d92346","Success","Transfer","21645530","2025-01-17 16:53:35","0xd0800d47f04841f28013eb25880df4a7de32fd88","","0x03b1bb3cc74aa22822d401075d497d12c5a397d4","","0.002479221 ETH","$5.15","0.00039623"
"0xd2f0939c361c36052beedfd29ccd53b1f8687793fea06362c3a6d09a8ed9b7bb","Success","Transfer","21584790","2025-01-09 05:18:35","0x03b1bb3cc74aa22822d401075d497d12c5a397d4","","0x0c5b4485d96a15e691f77b8b1d7eaee70f388f19","","0.000032095 ETH","$0.07","0.00224272"
"0x44dd20a991f4b3d1726d465d1efecba98d43d1162bc56ea6ace25877c23fdfea","Success","Transfer","21584786","2025-01-09 05:17:47","0x03b1bb3cc74aa22822d401075d497d12c5a397d4","","0x2dcc0fa890d60923dc41d964205e673b2fe3afcd","Fake_Phishing2383458","0.000012234 ETH","$0.03","0.0001237"
"0x6e744eb1a7036f596595ec00d68d0b13b0cbcf1239bbd1bf0af07f729ab97630","Success","Transfer","21584785","2025-01-09 05:17:35","0x03b1bb3cc74aa22822d401075d497d12c5a397d4","","0x50327c6c5a14dcade707abad2e27eb517df87ab5","TRON: TRX Token","0 ETH","$0.00","0.00014065"
"0x345c014f4367bd119644704c0e66f1378065cffb7b4e7c64e752595d4c37bdd7","Success","Transfer","21584785","2025-01-09 05:17:35","0x2d0c26a0b55d07d02a3d4afe0d9179598f8a7abf","","0x03b1bb3cc74aa22822d401075d497d12c5a397d4","","0.000276594 ETH","$0.57","0.00093625"
"0x005571c2a208ad970ee70330da51cb3f9c120380e39e7020b27530bd850c043e","Success","Transfer","21581168","2025-01-08 17:11:47","0x03b1bb3cc74aa22822d401075d497d12c5a397d4","","0x6220e08c9d63ab7ba2e566839f429eeefe199b7e","","0.000074005 ETH","$0.15","0.00066605"
"0x0d2983a9c1abb937c7bd5963f12971ec79764dc015c6004bbfd49ec1f971315f","Success","Transfer","21581168","2025-01-08 17:11:47","0xb9776b0444d58004598b91c04bbc7d6681c2929a","","0x03b1bb3cc74aa22822d401075d497d12c5a397d4","","0.000609507 ETH","$1.27","0.00049873"
"0x53f4493592dd820b11b5d25acc41fa363f1bee7f7cddf0c78182eccbcea41660","Success","Transfer","21580465","2025-01-08 14:50:35","0x03b1bb3cc74aa22822d401075d497d12c5a397d4","","0x50327c6c5a14dcade707abad2e27eb517df87ab5","TRON: TRX Token","0 ETH","$0.00","0.00052151"
"0x97611b81abc6998910802753630879de5908a84d858eb80ac5e362cfcfeb7603","Success","Transfer","21580465","2025-01-08 14:50:35","0x2d0c26a0b55d07d02a3d4afe0d9179598f8a7abf","","0x03b1bb3cc74aa22822d401075d497d12c5a397d4","","0.000652061 ETH","$1.36","0.00057751"
"0x6e7ad0232809f64d030be78a2a29601cf345e92035114dc286eb0b3a51eea856","Success","Transfer","21580461","2025-01-08 14:49:47","0x03b1bb3cc74aa22822d401075d497d12c5a397d4","","0x0c5b4485d96a15e691f77b8b1d7eaee70f388f19","","0.000220734 ETH","$0.46","0.00248821"
"0x7d3b5f838fd61cc5d7db632549bc5c686f1303562f24a99e5f0e035303db5056","Success","Transfer","21580431","2025-01-08 14:43:47","0x03b1bb3cc74aa22822d401075d497d12c5a397d4","","0x0c5b4485d96a15e691f77b8b1d7eaee70f388f19","","0.000159493 ETH","$0.33","0.00265068"
"0xc740b3d3a20e946fa10245205e4f1e421ac54012310293a435c44b780254cde8","Success","Transfer","21550332","2025-01-04 09:51:23","0x03b1bb3cc74aa22822d401075d497d12c5a397d4","","0xff2cfbe87076845c8b9a81091d6d2e68b13bc6f7","","0.000071261 ETH","$0.15","0.00216083"
"0x8f96f6a83e7ee9be7db81109b672bfdbc40b79b91541619e5fb02a2ca68ba724","Success","Transfer","21550331","2025-01-04 09:51:11","0x988efb9df1397928baf44db6ec9b35256e889305","","0x03b1bb3cc74aa22822d401075d497d12c5a397d4","","0.002179129 ETH","$4.53","0.00017735"
"0xab769e7da05e14b1d354b098ebb825d20e5f8826c91b4f27885e913c2ea3d256","Success","Transfer","21540521","2025-01-03 00:57:47","0x03b1bb3cc74aa22822d401075d497d12c5a397d4","","0xdac17f958d2ee523a2206206994597c13d831ec7","Tether: USDT Stablecoin","0 ETH","$0.00","0.00044733"
"0x18d14de3722b5d113a191d09e5cd4c69b031a73993623619511a7b14f144defb","Success","Transfer","21540521","2025-01-03 00:57:47","0x1ee807f88279ec483bcf339dc7da382596c4e725","","0x03b1bb3cc74aa22822d401075d497d12c5a397d4","","0.000500298 ETH","$1.04","0.00045153"
"0xc6effef44667f72357ae26826ff73486dbe5252c456c3631a8f569c35e35fc95","Success","Transfer","21525322","2024-12-31 22:05:47","0x03b1bb3cc74aa22822d401075d497d12c5a397d4","","0xd43e92c4f134d50238b84ff2819842eacbd8aa10","","0.000005284 ETH","$0.01","0.00031114"
"0xb2244d1a46ff5b19f1a8d910da31ce6111e2ad36fc1705df528dcd5a2ce17b1d","Success","Transfer","21525321","2024-12-31 22:05:35","0x03b1bb3cc74aa22822d401075d497d12c5a397d4","","0x2d0c26a0b55d07d02a3d4afe0d9179598f8a7abf","","0.002053772 ETH","$4.27","0.002639"
"0xc94de18cddb6f7f32464fb3b9772b1f06d84cb9b32a571f23a8164dd9f31ad26","Success","Transfer","21525321","2024-12-31 22:05:35","0x4e5b2e1dc63f6b91cb6cd759936495434c7e972f","FixedFloat 1","0x03b1bb3cc74aa22822d401075d497d12c5a397d4","","0.0050092 ETH","$10.41","0.000105"